{
  "naive_bayes": {
    "accuracy": 0.8411367342184952,
    "precision": 0.8421457081264787,
    "recall": 0.8411367342184952,
    "f1": 0.8407117008398425
  },
  "logistic_regression": {
    "accuracy": 0.8441649196366178,
    "precision": 0.8442835513792983,
    "recall": 0.8441649196366178,
    "f1": 0.8441999873915388
  },
  "svm": {
    "accuracy": 0.8430002329373398,
    "precision": 0.8429599683697031,
    "recall": 0.8430002329373398,
    "f1": 0.84295369251738
  }
}